{
  "project_info": {
    "project_number": "67039253878",
    "firebase_url": "https://wave-of-food-be4ba-default-rtdb.firebaseio.com",
    "project_id": "wave-of-food-be4ba",
    "storage_bucket": "wave-of-food-be4ba.appspot.com"
  },
  "client": [
    {
      "client_info": {
        "mobilesdk_app_id": "1:67039253878:android:5469fa2dfe70b389c4d657",
        "android_client_info": {
          "package_name": "com.example.waveoffood"
        }
      },
      "oauth_client": [
        {
          "client_id": "67039253878-u7ntd60tjfvk86j1rkcs32cr6bf39530.apps.googleusercontent.com",
          "client_type": 1,
          "android_info": {
            "package_name": "com.example.waveoffood",
            "certificate_hash": "c05ac548d6c604ede7d52f820396582808edf4f2"
          }
        },
        {
          "client_id": "67039253878-2neefd9pn7d926rra8ptkq5kucq8h90b.apps.googleusercontent.com",
          "client_type": 3
        }
      ],
      "api_key": [
        {
          "current_key": "AIzaSyAKTRHZjMcr80mG8cbJTc2-6Wq9Ef0ezn4"
        }
      ],
      "services": {
        "appinvite_service": {
          "other_platform_oauth_client": [
            {
              "client_id": "67039253878-2neefd9pn7d926rra8ptkq5kucq8h90b.apps.googleusercontent.com",
              "client_type": 3
            }
          ]
        }
      }
    },
    {
      "client_info": {
        "mobilesdk_app_id": "1:67039253878:android:084d3d68961d7dd0c4d657",
        "android_client_info": {
          "package_name": "com.example.waveoffoodadmin"
        }
      },
      "oauth_client": [
        {
          "client_id": "67039253878-hmumancm8njndckmjed6a4b7acjjq8lu.apps.googleusercontent.com",
          "client_type": 1,
          "android_info": {
            "package_name": "com.example.waveoffoodadmin",
            "certificate_hash": "c05ac548d6c604ede7d52f820396582808edf4f2"
          }
        },
        {
          "client_id": "67039253878-2neefd9pn7d926rra8ptkq5kucq8h90b.apps.googleusercontent.com",
          "client_type": 3
        }
      ],
      "api_key": [
        {
          "current_key": "AIzaSyAKTRHZjMcr80mG8cbJTc2-6Wq9Ef0ezn4"
        }
      ],
      "services": {
        "appinvite_service": {
          "other_platform_oauth_client": [
            {
              "client_id": "67039253878-2neefd9pn7d926rra8ptkq5kucq8h90b.apps.googleusercontent.com",
              "client_type": 3
            }
          ]
        }
      }
    }
  ],
  "configuration_version": "1"
}